Word,Word_freq
place,111
food,84
pasta,83
not,81
eataly,79
good,74
italian,74
one,59
great,56
time,51
like,49
really,49
pizza,49
delicious,46
very,46
restaurant,45
love,45
fresh,45
experience,44
an,42
gelato,42
more,42
would,41
got,41
nyc,40
cheese,37
service,37
about,37
bar,36
bread,36
come,35
up,35
me,35
amazing,34
restaurants,33
back,33
italy,33
wine,31
every,29
well,28
different,28
came,27
la,27
people,27
what,26
review,26
too,26
you're,26
ordered,25
first,25
will,25
recommend,25
then,25
definitely,25
market,25
can't,25
could,25
order,24
coffee,24
pastas,24
meal,23
worth,23
even,23
around,23
eat,23
new,23
cannoli,23
went,23
visit,22
lunch,22
everything,22
i'm,22
pretty,22
little,22
make,22
i've,22
do,21
made,21
over,21
&,21
where,21
best,21
authentic,20
wait,20
rooftop,20
both,19
while,19
still,19
table,19
try,19
day,19
been,19
find,19
many,19
dinner,19
nice,19
store,18
drinks,18
must,18
way,18
see,18
never,18
much,18
because,18
flatiron,18
again,17
lot,17
area,17
meat,17
sure,17
always,17
them,17
know,16
atmosphere,16
has,16
walk,16
desserts,16
no,16
grocery,15
bit,15
menu,15
however,15
places,15
prices,15
looking,15
dessert,15
did,15
items,15
top,15
perfect,15
few,15
crowded,15
home,15
pay,15
than,15
start,14
grab,14
wasn't,14
chocolate,14
right,14
cooked,14
wanted,14
cake,14
during,14
packed,14
small,14
highly,14
want,14
most,14
she,14
eating,14
another,14
shop,13
flavor,13
bad,13
city,13
give,13
through,13
special,13
something,13
oil,13
felt,13
enjoy,13
since,13
night,13
serra,13
hot,13
after,13
tried,13
don't,13
stop,12
fun,12
her,12
any,12
dishes,12
goods,12
reservation,12
thank,12
into,12
bottle,12
decided,12
bring,12
before,12
down,12
tasty,12
though,12
prosciutto,12
check,12
2,12
how,12
ate,12
coming,11
york,11
cheeses,11
meats,11
beautiful,11
selection,11
options,11
favorite,11
location,11
absolutely,11
olive,11
now,11
take,11
busy,11
full,10
flavors,10
long,10
buy,10
wonderful,10
couple,10
offer,10
hear,10
two,10
expensive,10
say,10
shopping,10
enjoyed,10
better,10
3,10
truffle,10
couldn't,10
taking,10
able,10
money,10
visiting,10
hard,10
ever,10
reviews,10
inside,10
such,10
next,10
week,9
need,9
literally,9
mind,9
loved,9
extremely,9
put,9
businesses,9
dine,9
products,9
its,9
anything,9
unique,9
friends,9
ingredients,9
line,9
mozzarella,9
left,9
think,9
leave,9
quick,9
stars,9
foods,9
tasted,9
specialty,9
taste,9
wines,9
should,9
found,9
side,9
less,9
seating,9
didn't,9
disappointed,9
season,8
cup,8
plate,8
bite,8
hazelnut,8
thing,8
piazza,8
ice,8
counters,8
drink,8
decor,8
salad,8
cool,8
we're,8
soon,8
huge,8
actually,8
enough,8
perfectly,8
sorry,8
park,8
filling,8
board,8
ordering,8
expected,8
took,8
things,8
dish,8
hope,8
counter,8
there's,8
friend,8
milk,8
4,8
several,8
pastries,8
remove,8
customers,8
cream,8
priced,8
sat,8
sit,8
tiramisu,8
either,8
quite,8
seafood,8
wish,8
cannolis,8
water,8
visited,8
ended,7
tiny,7
yourself,7
e,7
nothing,7
times,7
having,7
kitchen,7
spot,7
il,7
sunday,7
i'd,7
big,7
seated,7
bustling,7
years,7
walked,7
etc,7
saturday,7
excellent,7
free,7
espresso,7
gluten,7
why,7
choices,7
said,7
each,7
getting,7
off,7
front,7
watch,7
trust,7
thought,7
alter,7
wrong,7
part,7
learn,7
especially,7
trip,7
server,7
heard,7
else,7
although,7
concern,7
sauce,7
super,7
away,6
course,6
pick,6
probably,6
fine,6
23,6
light,6
helpful,6
areas,6
variety,6
lots,6
madison,6
half,6
price,6
help,6
seat,6
improve,6
catrillion,6
feedback,6
let,6
hours,6
fabulous,6
shops,6
gets,6
cannot,6
ciao,6
making,6
al,6
feel,6
choose,6
i'll,6
isn't,6
available,6
markets,6
whole,6
these,6
sausage,6
corner,6
close,6
minutes,6
breads,6
he,6
beyond,6
that's,6
overall,6
you'll,6
everyone,6
ok,6
ready,6
going,6
overwhelming,6
serve,6
saw,6
upstairs,6
being,6
friendly,6
am,6
myself,5
flight,5
crowds,5
flavorful,5
pepe,5
date,5
same,5
building,5
pastaio,5
fish,5
ago,5
freshly,5
plenty,5
strong,5
rest,5
kind,5
number,5
private,5
lol,5
gnocchi,5
cooking,5
slice,5
high,5
hungry,5
square,5
walking,5
candies,5
own,5
station,5
mixed,5
stroll,5
bars,5
bowl,5
talking,5
sample,5
pizzas,5
venchi,5
itself,5
recommended,5
style,5
expect,5
spend,5
finally,5
focaccia,5
stopped,5
paying,5
pricey,5
honestly,5
who,5
those,5
look,5
across,5
portion,5
between,5
won't,5
seats,5
filled,5
oh,5
cacio,5
please,5
services,5
produce,5
easily,5
friday,5
gourmet,5
grabbing,5
house,5
marketplace,5
cook,5
fact,5
winter,5
nutella,5
waitress,5
stomach,4
tourist,4
boyfriend,4
share,4
samples,4
appetizer,4
prime,4
afternoon,4
sandwiches,4
instead,4
purchase,4
fruit,4
looked,4
started,4
lavazza,4
used,4
cheap,4
okay,4
ground,4
hand,4
grilled,4
risotto,4
reason,4
glass,4
local,4
annoying,4
stuff,4
phone,4
yes,4
email,4
fan,4
supermarket,4
once,4
ambiance,4
eh,4
grazie,4
deal,4
stands,4
squash,4
short,4
yummy,4
concept,4
theme,4
sprouts,4
pistachio,4
del,4
section,4
almost,4
quality,4
arugula,4
work,4
bunch,4
ask,4
card,4
downstairs,4
least,4
cured,4
staff,4
expecting,4
beet,4
bigger,4
what's,4
talk,4
box,4
court,4
sitdown,4
cappuccino,4
person,4
beer,4
impressive,4
weekend,4
waiting,4
they're,4
split,4
sending,4
dining,4
sold,4
white,4
damn,4
happy,4
pappardelle,4
main,4
salt,4
comes,4
lovely,4
sweet,4
groceries,4
interesting,4
real,4
baked,4
reservations,4
discuss,4
thick,4
further,4
savory,4
believe,4
clean,4
portions,4
may,4
near,4
totally,4
might,4
birreria,4
called,4
smell,4
waiter,4
hi,4
reminded,4
asked,4
oils,4
including,4
stepped,3
ny,3
caffe,3
poor,3
overpriced,3
remarkable,3
cost,3
sincerely,3
cold,3
completely,3
es,3
esta,3
future,3
mushroom,3
entree,3
stuck,3
tons,3
difficult,3
yeah,3
size,3
stracciatella,3
apologize,3
chicago,3
gift,3
merchandise,3
letting,3
negative,3
eaten,3
clear,3
last,3
exactly,3
appreciated,3
inconvenience,3
trying,3
describe,3
charcuterie,3
until,3
within,3
avoid,3
along,3
lively,3
middle,3
chef,3
stores,3
town,3
bc,3
early,3
later,3
1,3
piece,3
seeing,3
parmesan,3
specialties,3
wouldn't,3
homemade,3
explore,3
entrée,3
given,3
comparable,3
strive,3
consistently,3
sorts,3
featuring,3
empty,3
party,3
tip,3
pictures,3
elsewhere,3
per,3
stroller,3
truffles,3
open,3
possible,3
fantastic,3
various,3
cafes,3
stunning,3
mean,3
daughter,3
knew,3
fall,3
opportunity,3
butter,3
mushrooms,3
combination,3
immediately,3
kept,3
far,3
snacks,3
suggest,3
mostly,3
visits,3
someone,3
wild,3
cant,3
his,3
space,3
hate,3
message,3
dallas,3
mini,3
alpina,3
$29,3
simply,3
plane,3
list,3
jam,3
twice,3
lover,3
level,3
name,3
lucky,3
husband,3
opinion,3
center,3
waited,3
amount,3
shell,3
organized,3
haven't,3
call,3
features,3
caramel,3
brim,3
point,3
formaggi,3
multiple,3
world,3
6,3
bakery,3
hostess,3
sheep's,3
sometimes,3
lemon,3
ranging,3
true,3
rotisserie,3
value,3
forever,3
sandwich,3
decent,3
garden,3
tourists,3
awesome,3
smaller,3
ripoff,3
wife,3
makes,3
looks,3
tables,3
summer,3
endless,3
stations,3
return,3
brussels,3
red,3
chocolates,3
outside,3
cuisine,3
quickly,3
opted,3
meals,3
overrated,3
crowd,3
whether,3
wow,3
three,3
show,3
imported,3
sweets,3
floor,3
gotta,3
under,3
warm,3
5,3
truly,3
chips,3
touristy,3
recently,3
exploring,3
feels,3
opened,3
often,3
sip,3
somewhere,3
gave,3
attentive,3
wandered,3
tell,3
magical,3
packaging,3
earlier,2
divine,2
knowledgeable,2
raspberry,2
him,2
sorbet,2
tasting,2
simple,2
sour,2
complete,2
cakes,2
closed,2
vines,2
con,2
reasons,2
entered,2
luckily,2
spots,2
glad,2
premium,2
pricing,2
crazy,2
regularly,2
dente,2
alla,2
fares,2
serving,2
credit,2
offering,2
holiday,2
seasons,2
recommendations,2
splurge,2
heart,2
awful,2
group,2
prepare,2
extra,2
rich,2
marble,2
dollar,2
usually,2
honeynut,2
spent,2
opens,2
butcher,2
decorations,2
loves,2
possibly,2
sauces,2
$28,2
aisles,2
enjoyable,2
ghetto,2
allows,2
flow,2
goodies,2
whatever,2
sodas,2
remember,2
bought,2
lived,2
moscato,2
anywhere,2
thousands,2
quattro,2
followed,2
voices,2
outrageous,2
creamy,2
mouth,2
reasonably,2
means,2
drizzled,2
self,2
burrata,2
wallet,2
nut,2
life,2
delectable,2
gonna,2
awe,2
thanks,2
mother,2
entire,2
veggies,2
childhood,2
rib,2
flour,2
beauties,2
original,2
door,2
hitop,2
spreads,2
dunk,2
impossible,2
wanting,2
hour,2
varieties,2
matter,2
bland,2
pear,2
attached,2
leaving,2
agree,2
choice,2
grabbed,2
spread,2
bill,2
aren't,2
scoop,2
bathroom,2
streets,2
history,2
midtown,2
spaghetto,2
bathrooms,2
signs,2
set,2
stopping,2
care,2
guess,2
realize,2
vibe,2
family,2
birthday,2
tapas,2
decors,2
slightly,2
ingredient,2
delightful,2
restaraunts,2
accompanied,2
sheeps,2
all'amarena,2
orange,2
cherry,2
sopressata,2
shells,2
types,2
hang,2
chicken,2
words,2
handmade,2
vast,2
enthusiasm,2
district,2
man,2
sizes,2
gives,2
w,2
forget,2
beets,2
barely,2
environment,2
imagine,2
received,2
sitting,2
fist,2
type,2
bag,2
job,2
hardly,2
nearly,2
hotel,2
pasticerria,2
15,2
generally,2
$25,2
appetizers,2
changes,2
dollars,2
seemed,2
sections,2
locals,2
potatoes,2
bright,2
doing,2
weather,2
central,2
seem,2
$17,2
entrees,2
holidays,2
books,2
massive,2
whenever,2
perhaps,2
mix,2
manager,2
month,2
vegan,2
nearby,2
pieces,2
disappoint,2
taken,2
dedicated,2
obviously,2
proud,2
account,2
delivered,2
directly,2
quieter,2
weekday,2
incredibly,2
decide,2
noon,2
loaded,2
surprised,2
servers,2
based,2
arrive,2
fork,2
everywhere,2
information,2
thier,2
buie,2
mainly,2
fill,2
nicely,2
pair,2
transported,2
bucks,2
terminal,2
reading,2
trap,2
returning,2
beware,2
finished,2
downtown,2
boys,2
flat,2
kinds,2
served,2
suggested,2
di,2
impressed,2
year,2
lottery,2
breakfast,2
browse,2
shared,2
chewy,2
specifically,2
decoration,2
finish,2
pepper,2
4th,2
maybe,2
told,2
kinda,2
naturally,2
recall,2
pesto,2
foodies,2
dream,2
bolognese,2
fell,2
1010,2
mindblowing,2
omg,2
cheesy,2
$1,2
dropped,2
accidentally,2
besides,2
book,2
meet,2
funghi,2
bistecca,2
forgot,2
photo,2
oz,2
dry,2
accept,2
baker,2
macellaio,2
paid,2
sister,2
brown,2
fest,2
supporting,2
changed,2
brought,2
done,2
head,2
crispy,2
note,2
regular,2
quadrati,2
weren't,2
chilly,2
challenging,2
unfair,2
pula,2
otherwise,2
heat,2
heaven,2
istria,2
ahead,2
sea,2
bastianich,2
stretchy,2
actual,2
proofed,2
loaf,2
underwhelming,2
disrespectful,2
vendors,2
prosecco,2
offerings,2
helped,2
ruined,2
smells,2
happen,2
episodes,2
purposethese,2
reasonable,2
version,2
pictured,2
siempre,2
option,2
change,2
coffeetaking,2
chocolatejust,2
soaps,2
biscuits,2
longer,2
butif,2
stayed,2
months,2
warmer,2
ticket,2
prepared,2
herelast,2
knick,2
happening,2
knacks,2
sniff,2
slow,2
beef,2
follow,2
particular,2
minutewhenever,2
watching,2
pantry,2
greeted,2
regret,2
sicilian,2
houses,2
named,2
idea,2
earth,2
richoh,2
decadent,2
cocoa,2
30,2
excited,2
met,2
move,2
bartender,2
unfortunately,2
dont,2
hightop,2
affogato,2
supposed,2
fancy,2
warmand,2
peeps,2
blown,2
stay,2
spaghetti,2
vent,2
easy,2
cafe,2
action,2
platter,2
factor,2
elevator,2
navigate,2
doesn't,2
together,2
tomato,2
de,2
thinking,2
starving,2
attitude,2
double,2
hidden,2
seriously,2
que,2
rated,2
herethe,2
nor,2
vegetables,2
business,1
parking,1
asap,1
fast,1
hangrymajor,1
wise,1
pizzeria,1
attempt,1
$30dish,1
attention,1
eateries,1
neglected,1
understand,1
rainy,1
disasterthe,1
roasted,1
situation,1
ample,1
tabletwo,1
brooklyn,1
craving,1
snagged,1
disney,1
tea,1
930,1
industry,1
deserved,1
grew,1
reality,1
astronomical,1
rude,1
disappointment,1
crunchy,1
rushed,1
maker,1
exploretry,1
foodit's,1
dishesmy,1
content,1
round,1
foodlove,1
therevery,1
mango,1
gelatosorbet,1
sharing,1
tops,1
welcomingi,1
eventually,1
stock,1
starter,1
$7,1
$6,1
tastings,1
classes,1
rave,1
$350,1
eatalygot,1
spending,1
ithighly,1
68,1
sell,1
wood,1
pusher,1
availability,1
built,1
opt,1
sarah,1
played,1
backstepping,1
fav,1
memories,1
assumed,1
$13,1
locations,1
question,1
orderedaperol,1
aarancini,1
they'll,1
a+tonnarelli,1
c,1
responded,1
wateryunfortunately,1
tagliatelle,1
markethow,1
run,1
primary,1
surprisingly,1
cauliflower,1
appetite,1
diy,1
salads,1
salumi,1
offers,1
tower,1
spicier,1
freedom,1
energy,1
issuethanks,1
build,1
basically,1
restaurantswe,1
address,1
hansong,1
tour,1
click,1
spritz,1
pipe,1
pastrybakery,1
olives,1
loveeeddd,1
satisfy,1
cravings,1
pops,1
mom,1
appropriately,1
gorgeous,1
hangout,1
terrible,1
potions,1
diverse,1
hype,1
crowdedplus,1
inhowever,1
fadda,1
expectations,1
breathtaking,1
quarantine,1
berriera,1
dinein,1
openair,1
evening,1
worst,1
majority,1
upservice,1
promptly,1
refills,1
without,1
intervalswe,1
itemsa,1
automatically,1
worked,1
proofing,1
advance,1
internal,1
mentioned,1
86ed,1
brussel,1
sprout,1
added,1
sawbefore,1
cities,1
massively,1
earlyoutside,1
rustic,1
magic,1
prior,1
needed,1
black,1
following,1
bus,1
jumped,1
gather,1
avid,1
interrupt,1
swarm,1
hawks,1
usevery,1
stacking,1
stools,1
apparent,1
leavelisten,1
structure,1
problem,1
goodalso,1
yet,1
sliver,1
theses,1
ministhe,1
sidea,1
recommendedcome,1
aged,1
chagr,1
receipt,1
maket,1
foodrelated,1
romantic,1
anotherit's,1
no1,1
overally,1
hey,1
residency,1
brief,1
hubby,1
citywhat,1
visitors,1
happily,1
story,1
wowed,1
occasionally,1
inattentive,1
flinn,1
erin,1
write,1
waiterwaitress,1
experience5,1
montreal,1
strolled,1
focus,1
online,1
booking,1
located,1
mad,1
lukewarm,1
dough,1
mins,1
planned,1
extremly,1
floorthe,1
requested,1
wierd,1
harley,1
yuckmoving,1
borolo,1
desk,1
bills,1
hundred,1
botherjust,1
joke,1
pretentious,1
process,1
goal,1
darn,1
maximizing,1
lattes,1
birrera,1
eats,1
nyccrowded,1
recommendationsthe,1
plateanywho,1
seatno,1
32,1
mealsout,1
34,1
trout,1
imo,1
relaxed,1
hustling,1
emporium,1
enticing,1
conversation,1
noisy,1
plates,1
apart,1
inches,1
14th,1
restuarant,1
adored,1
signage,1
pumpkin,1
october,1
doors,1
directions,1
saying,1
higher,1
treats,1
overwhelmingglad,1
hats,1
rigatoni,1
standards,1
convert,1
grigioi'm,1
pinot,1
focacciaand,1
pizzettamozzarella,1
saladsoppressata,1
ricotta,1
easyafter,1
jfkand,1
latei'd,1
jr,1
youthank,1
misery,1
$80,1
mediocre,1
waste,1
sucks,1
camper,1
trade,1
vintage,1
chic,1
wares,1
mayonnaise,1
avocado,1
nutellalike,1
nociocollato,1
magicalthere,1
pink,1
hanging,1
homethe,1
burn,1
designed,1
1000,1
shut,1
late,1
pricy,1
restrict,1
wary,1
encanta,1
optionsi,1
perfectthis,1
ir,1
liked,1
views,1
casual,1
incredible,1
fix,1
pre,1
advise,1
humble,1
ridiculous,1
18,1
win,1
won,1
impeccable,1
ratio,1
eyes,1
rush,1
speed,1
standard,1
deliciousrealmente,1
mi,1
tho,1
primera,1
como,1
café,1
tome,1
opcionessolo,1
montón,1
un,1
tenes,1
y,1
grande,1
súper,1
tienda,1
perfectola,1
así,1
soy,1
donde,1
mucho,1
gusta,1
fui,1
ubicación,1
en,1
vez,1
setting,1
marketfood,1
jams,1
deliciousness,1
pills,1
lactate,1
20,1
intolerance,1
lactose,1
horrible,1
suffer,1
locating,1
drinking,1
goto,1
outexplore,1
assortment,1
random,1
overdone,1
sweetened,1
lightly,1
flaky,1
amateur,1
honey,1
mixing,1
25,1
survive,1
quarter,1
upscale,1
10pm,1
tossed,1
$8,1
ignored,1
protest,1
burnt,1
smallest,1
etccons,1
gellato,1
pros+,1
uncooked,1
ring,1
meaty,1
penne,1
similar,1
shape,1
dishi,1
undercooked,1
delish,1
entreeyummy,1
satisfied,1
prepping,1
steered,1
admit,1
daywe,1
wtc,1
zone,1
rumors,1
you've,1
grocerystoretype,1
nicer,1
aka,1
straight,1
immersive,1
chairs,1
hesitant,1
employee,1
acknowledged,1
employees,1
lady,1
wrap,1
star,1
dried,1
cut,1
members,1
cheaperi,1
drastically,1
legit,1
mylanta,1
18th,1
farmers,1
attendant,1
kerfuffle,1
minor,1
tsa,1
thru,1
homeland,1
america,1
immigrant,1
loaves,1
reggiano,1
pound,1
join,1
aggressive,1
passive,1
ole,1
use,1
equally,1
panini's,1
coworker,1
reviewwalked,1
n,1
brooklyn​,1
ravioli​s​,1
averted,1
specials,1
offered,1
complained,1
mangia,1
whipped,1
fennel,1
offset,1
welcome,1
calda,1
cioccolata,1
syrup,1
amarena,1
variegato,1
scoops,1
indulged,1
form,1
iti,1
christmas,1
expanded,1
opting,1
live,1
relatives,1
charged,1
discounted,1
hipsters,1
upset,1
preppy,1
west,1
gig,1
volunteer,1
saladi,1
caprese​,1
​,1
mozzarella​,1
honest,1
bummers,1
insane,1
donuts,1
breadeventually,1
giving,1
restuarants,1
pantries,1
resturants,1
finest,1
philly's,1
crowdedcome,1
scenery,1
deltacrisis,1
payoff,1
exclusively,1
bop,1
markup,1
$2,1
eggs,1
thinks,1
comedy,1
thats,1
picture,1
tortellini,1
$21,1
god,1
innovative,1
constitutes,1
centric,1
stereotype,1
americans,1
aware,1
visually,1
parties,1
complex,1
rare,1
medium,1
mention,1
bumped,1
distinctive,1
passerbys,1
rapper,1
ballin',1
dishesif,1
signature,1
premiums,1
solid,1
timer,1
italians,1
disneyland,1
dressing,1
mista,1
insalata,1
foreign,1
descriptions,1
d,1
teddy,1
costs,1
dignity,1
save,1
salty,1
robbed,1
steak,1
previous,1
we've,1
fake,1
fig,1
t,1
addix,1
island,1
rhode,1
sales,1
unlike,1
loacker,1
hardtofind,1
instances,1
related,1
recognized,1
gifts,1
trendy,1
hereperfect,1
ya,1
buckle,1
insulated,1
cash,1
pants,1
sporting,1
vote,1
colorful,1
pour,1
breezed,1
dinning,1
balcony,1
six,1
predecessor,1
searching,1
gianduja,1
mozerella,1
biscotti,1
vergnano,1
shot,1
expresso,1
behind,1
exorbitant,1
draw,1
steaks,1
cornucopia,1
path,1
read,1
rule',1
'unspoken,1
learned,1
stick,1
ward,1
window,1
contains,1
disclaimer,1
creamier,1
cows,1
leaves,1
filing,1
crumbles,1
thickness,1
ain't,1
bakeries,1
worshipped,1
67,1
snacksheep's,1
marketshops,1
re,1
usual,1
shaving,1
00,1
aboutgood,1
sing,1
adorable,1
leone,1
landas,1
shorter,1
genuine,1
thyme,1
marveling,1
easter,1
woods,1
hen,1
fughi,1
bunnies,1
additional,1
candy,1
souvenirs,1
absinthe,1
violet,1
gotten,1
aniseflavored,1
7pm,1
arrived,1
dinnerwent,1
faster,1
ignorance,1
dissatisfaction,1
stating,1
four,1
resist,1
foodiesthe,1
gf,1
shaved,1
keyword,1
sufferers,1
celiac,1
intolerant,1
lovers,1
machine,1
latte,1
tens,1
housemade,1
parmacotto,1
cotto,1
indulgences,1
past,1
pleasure,1
land,1
manzo,1
midweek,1
prompt,1
ummmmnot,1
english,1
speak,1
straightfromitaly,1
dating,1
europe,1
average,1
weird,1
guy,1
blasphemous,1
despite,1
placeis,1
improved,1
ratchet,1
um,1
pass,1
urbani,1
cuz,1
stand,1
freshest,1
professional,1
slash,1
riggatoni,1
owned,1
miss,1
general,1
deals,1
closely,1
lines,1
toppingsfullthe,1
pastriessweets,1
anything3,1
pulled,1
also2,1
easier,1
fridaysaturday,1
pastawhat's,1
inbetween,1
popping,1
notes,1
boardit,1
artichokes,1
celebrity,1
woven,1
questions,1
specific,1
thus,1
crowdsmany,1
crostini,1
perfectwear,1
dates,1
dropping,1
glenn,1
midlow,1
needs,1
afraid,1
does,1
relatedthis,1
buoni,1
ma,1
brutti,1
cookies,1
newer,1
similarly,1
fried,1
ifor,1
firsttimer,1
ladies,1
830,1
pastarestaurant,1
parents,1
sooo,1
powdering,1
remarked,1
chefs,1
touch,1
finishing,1
gratings,1
bathed,1
proscuitto,1
issues,1
larger,1
occasions,1
bartops,1
coffeegelato,1
parts,1
decorates,1
pm,1
2030,1
moderately,1
snows,1
tipsy,1
grigio,1
pinto,1
frozen,1
neat,1
rent,1
word,1
overwhelmingly,1
fault,1
tin,1
humid,1
import,1
panettone,1
provides,1
multitude,1
overly,1
smooth,1
deliciouswe,1
dented,1
paradise,1
journey,1
revised,1
ball,1
cause,1
stomachs,1
room,1
meant,1
boards,1
hint,1
vinegar,1
perfection,1
suggestion,1
buds,1
activate,1
nonetheless,1
large,1
shocked,1
reserve,1
outstanding,1
weekdays,1
pastio,1
it'll,1
rate,1
foodie,1
upwards,1
father,1
felidia,1
hoping,1
barwas,1
fantasticshopped,1
marni,1
pairings,1
salmonwe,1
arancini,1
rose,1
topstarted,1
happened,1
highlight,1
manhattan,1
mustgo,1
tangentially,1
interested,1
appreciatedpreviously,1
management,1
isle,1
pruscitto,1
silicy,1
florence,1
refill,1
disappeared,1
togo,1
clumped,1
sized,1
smallmedium,1
texture,1
herbs,1
$15,1
twe're,1
appeared,1
missing,1
allthings,1
include,1
limited,1
blows,1
insanely,1
blended,1
pistachios,1
pitcher,1
ton,1
souvenirgifts,1
held,1
salted,1
stuffed,1
lamb,1
mille,1
messagegrazie,1
chianti,1
purchased,1
luggage,1
2course,1
miscellaneous,1
pleasant,1
margherita,1
melty,1
cramped,1
melodie,1
browsing,1
mysteriously,1
afterwards,1
born,1
melt,1
signing,1
formaggio,1
welcoming,1
helps,1
tricky,1
pastry,1
busyness,1
unnoticed,1
register,1
spotthe,1
jacks,1
skimping,1
drowning,1
zucchini,1
stoppp,1
intended,1
3ish,1
denté,1
finding,1
terribly,1
recent,1
shame,1
schoolgirl,1
boy,1
plus,1
ordinary,1
hall,1
auto,1
insides,1
weaved,1
fledged,1
body,1
thers',1
issue,1
band,1
battista,1
exquisite,1
asks,1
destination,1
ultimate,1
foodie's,1
definetly,1
crush,1
favorites,1
eggplant,1
demo,1
enormous,1
joy,1
protip,1
souvenir,1
mashup,1
closest,1
you'd,1
fathers,1
millemy,1
buying,1
northpark,1
opening,1
felidiia,1
sra,1
celia,1
chinplease,1
chin,1
keep,1
musti,1
marketgreat,1
loose,1
priceless,1
coins,1
tap,1
costco,1
beloved,1
consisted,1
sorrows,1
patched,1
bandaid,1
swallow,1
exploding,1
flowers,1
view,1
cocktail,1
personal,1
knows,1
refreshing,1
$45,1
colleagues,1
break,1
priceyone,1
takes,1
winewhat,1
toppings,1
knees,1
deserts,1
rockefeller,1
skating,1
goooood,1
sugary,1
american,1
advice,1
suggestions,1
interactive,1
addition,1
bloated,1
hazelnutwhat,1
balsamic,1
fondue,1
app,1
cityit,1
disappoints,1
already,1
bottom,1
viewing,1
headed,1
sectionmy,1
pats,1
stalls,1
giant,1
adventure,1
everytime,1
eyeopening,1
exciting,1
mushy,1
$18,1
d'autumn,1
pomodoroto,1
lo,1
famous,1
cheat,1
fries,1
greet,1
text,1
sent,1
3045,1
names,1
draped,1
wonderland,1
italythis,1
opposite,1
millefoglie,1
torta,1
display,1
colleague's,1
vain,1
hundreds,1
apparently,1
itinerary,1
friends',1
areathe,1
outta,1
count,1
treasures,1
workout,1
foodsa,1
old,1
label,1
captured,1
appliance,1
gianduia,1
initially,1
picked,1
bold,1
typical,1
worried,1
megastore,1
li,1
obsessing,1
showed,1
bummed,1
statement,1
pen,1
describedeataly,1
epi,1
risk,1
allergy,1
hazelnutnutella,1
napoleon,1
shook,1
aesthetic,1
prettiest,1
shelves,1
recipes,1
lost,1
overcrowded,1
satisfying,1
likely,1
utensils,1
deli,1
series,1
hungrythe,1
would've,1
hadn't,1
amazingly,1
spinach,1
affected,1
jacket,1
blowing,1
10min,1
showing,1
salmon,1
photogenic,1
relatively,1
lacked,1
beginning,1
philadelphia,1
anyways,1
diservice,1
uniquely,1
guessed,1
metro,1
dc,1
expand,1
complain,1
tune,1
establishment,1
telling,1
riceoverall,1
realized,1
$1530,1
lil,1
elements,1
paninis,1
mule,1
pomegranate,1
stairs,1
worse,1
subtle,1
routinely,1
tad,1
delicioustagliatelle,1
pie,1
shepards,1
tastes,1
610,1
bianco,1
ragù,1
tagliolini,1
inconsistent,1
presence,1
second,1
reduction,1
profound,1
deep,1
soak,1
raviolis,1
810,1
plin,1
pastaagnolotti,1
calzone,1
910,1
fluffy,1
surprising,1
seafoodas,1
gelatoi,1
visitor,1
soooo,1
mussels,1
shrimp,1
scallops,1
kick,1
thin,1
pronounced,1
allll,1
push,1
buzzfeed,1
gelatowent,1
food253,1
alsoi,1
patient,1
tiniest,1
andvenchi,1
penny,1
stories,1
selections,1
relaxing,1
escape,1
greens,1
leafy,1
ha,1
pinkred,1
l,1
fairly,1
reprieve,1
cute,1
hustle,1
vino,1
upcoming,1
picking,1
unless,1
assume,1
strangely,1
sushi,1
trio',1
labor,1
antipasti,1
single,1
aspect,1
eatly,1
arrogant,1
works,1
barbut,1
slam,1
himmost,1
pecorino,1
scamorza,1
shallots,1
corn,1
tomatoes,1
heirloom,1
farms,1
invincible,1
mais,1
pomodori,1
flatbread,1
salami,1
foodwe,1
'crudo,1
pics,1
memorable,1
mall,1
shoulder,1
pork,1
braised,1
spada,1
pesce,1
swordfish,1
goodi,1
basic,1
road,1
countries,1
restaruant,1
update,1
roof,1
s,1
kids,1
13,1
planet,1
everything's,1
let's,1
rosé,1
inhouse,1
daily,1
245pm,1
five,1
feeling,1
fighting,1
$33,1
judging,1
tart,1
eataly's,1
$5,1
steal,1
produced,1
$48,1
pomodoro,1
figure,1
confusing,1
moment,1
pleasantly,1
research,1
bets,1
restaraunt,1
wrote,1
birerria,1
phenomenal,1
bored,1
fiancé,1
street,1
stumbled,1
glutenfree,1
behold,1
wonder,1
palate,1
restaurantit's,1
merely,1
absolute,1
foodall,1
portugal,1
lisbon,1
infamous,1
reminds,1
schoolthis,1
array,1
occasion,1
pure,1
chelsea,1
planning,1
brussels',1
inexpensive,1
goodness,1
impression,1
slower,1
pricier,1
goodie,1
tools,1
browsed,1
sardines,1
levels,1
claustrophobic,1
train,1
thankfully,1
anniversary,1
bucket,1
amazed,1
instagram,1
delights,1
candidly,1
nervous,1
atmoshpere,1
transitioned,1
baby,1
handing,1
settled,1
treat,1
popup,1
weekends,1
sense,1
culmination,1
10,1
addicts,1
they've,1
wouldnt,1
lolthough,1
aside,1
unintentionally,1
candied,1
dipped,1
fave,1
canolis,1
tow,1
workedif,1
tempted,1
listen,1
deserves,1
neapolitan,1
aha,1
ahaha,1
monitor,1
$14,1
die,1
frosè,1
upi,1
delicacies,1
odd,1
men's,1
privacy,1
doorway,1
changing,1
everywherethe,1
angst,1
slicing,1
delicioso,1
